TimeStamp,Command,Response
2024-03-22 13:09:34.380138,d,Data received successfully
2024-03-22 13:09:34.823723,d,Data received successfully
2024-03-22 13:09:35.200010,d,Data received successfully
2024-03-22 13:09:35.396561,d,Data received successfully
2024-03-22 13:09:35.614452,d,Data received successfully
2024-03-22 13:09:35.817145,d,Data received successfully
2024-03-22 13:09:36.042617,d,Data received successfully
2024-03-22 13:09:36.314759,d,Data received successfully
2024-03-22 13:09:36.583746,d,Data received successfully
2024-03-22 13:09:36.840858,d,Data received successfully
2024-03-22 13:09:37.138230,d,Data received successfully
2024-03-22 13:09:37.342547,d,Data received successfully
2024-03-22 13:09:37.652024,d,Data received successfully
2024-03-22 13:09:37.989806,d,Data received successfully
2024-03-22 13:09:38.272170,d,Data received successfully
2024-03-22 13:09:38.559088,d,Data received successfully
2024-03-22 13:09:38.909637,d,Data received successfully
2024-03-22 13:09:39.197349,d,Data received successfully
2024-03-22 13:09:39.431919,d,Data received successfully
2024-03-22 13:09:39.701055,d,Data received successfully
2024-03-22 13:09:39.941114,d,Data received successfully
2024-03-22 13:09:40.211156,d,Data received successfully
2024-03-22 13:09:40.426722,d,Data received successfully
2024-03-22 13:09:40.635977,d,Data received successfully
2024-03-22 13:09:40.936701,d,Data received successfully
2024-03-22 13:09:41.184139,d,Data received successfully
2024-03-22 13:09:41.532074,w,Data received successfully
2024-03-22 13:09:41.881054,w,Data received successfully
2024-03-22 13:09:42.175925,w,Data received successfully
2024-03-22 13:09:42.456581,w,Data received successfully
2024-03-22 13:09:42.766245,w,Data received successfully
2024-03-22 13:09:43.146424,w,Data received successfully
2024-03-22 13:09:43.408919,w,Data received successfully
2024-03-22 13:09:43.696699,w,Data received successfully
2024-03-22 13:09:43.928235,w,Data received successfully
2024-03-22 13:09:44.222248,w,Data received successfully
2024-03-22 13:09:44.517439,w,Data received successfully
2024-03-22 13:09:44.716482,w,Data received successfully
2024-03-22 13:09:44.942088,w,Data received successfully
2024-03-22 13:09:45.249510,w,Data received successfully
2024-03-22 13:09:45.566109,w,Data received successfully
2024-03-22 13:09:45.855354,w,Data received successfully
2024-03-22 13:09:46.123771,w,Data received successfully
2024-03-22 13:09:46.357939,w,Data received successfully
2024-03-22 13:09:46.678894,w,Data received successfully
2024-03-22 13:09:47.080739,w,Data received successfully
2024-03-22 13:09:47.285844,w,Data received successfully
2024-03-22 13:09:47.587139,w,Data received successfully
2024-03-22 13:09:47.901099,w,Data received successfully
2024-03-22 13:09:48.093029,w,Data received successfully
2024-03-22 13:09:48.336494,w,Data received successfully
2024-03-22 13:09:48.607423,w,Data received successfully
2024-03-22 13:09:48.851542,w,Data received successfully
2024-03-22 13:09:49.124641,w,Data received successfully
2024-03-22 13:09:49.333220,w,Data received successfully
2024-03-22 13:09:49.556762,w,Data received successfully
2024-03-22 13:09:49.943499,w,Data received successfully
2024-03-22 13:09:50.283553,w,Data received successfully
2024-03-22 13:09:50.649095,w,Data received successfully
2024-03-22 13:09:50.942774,w,Data received successfully
2024-03-22 13:09:51.160037,w,Data received successfully
2024-03-22 13:09:51.473999,w,Data received successfully
2024-03-22 13:09:51.777413,w,Data received successfully
2024-03-22 13:09:52.044924,w,Data received successfully
2024-03-22 13:09:52.303911,w,Data received successfully
2024-03-22 13:09:52.601677,w,Data received successfully
2024-03-22 13:09:52.831415,w,Data received successfully
2024-03-22 13:09:53.142168,w,Data received successfully
2024-03-22 13:09:53.448755,w,Data received successfully
2024-03-22 13:09:53.741146,w,Data received successfully
2024-03-22 13:09:53.942271,w,Data received successfully
2024-03-22 13:09:54.142962,w,Data received successfully
2024-03-22 13:09:54.457824,w,Data received successfully
2024-03-22 13:09:54.741270,w,Data received successfully
2024-03-22 13:09:55.072088,w,Data received successfully
2024-03-22 13:09:55.365807,w,Data received successfully
2024-03-22 13:09:55.681331,w,Data received successfully
2024-03-22 13:09:56.022507,w,Data received successfully
2024-03-22 13:09:56.293793,w,Data received successfully
2024-03-22 13:09:56.493749,w,Data received successfully
2024-03-22 13:09:56.709681,w,Data received successfully
2024-03-22 13:09:57.039956,w,Data received successfully
2024-03-22 13:09:57.314418,w,Data received successfully
2024-03-22 13:09:57.515556,w,Data received successfully
2024-03-22 13:09:57.737803,w,Data received successfully
2024-03-22 13:09:58.058752,w,Data received successfully
2024-03-22 13:09:58.343746,w,Data received successfully
2024-03-22 13:09:58.641949,w,Data received successfully
2024-03-22 13:09:59.053510,w,Data received successfully
2024-03-22 13:09:59.281662,w,Data received successfully
2024-03-22 13:09:59.571281,w,Data received successfully
2024-03-22 13:09:59.920967,w,Data received successfully
2024-03-22 13:10:00.192847,w,Data received successfully
2024-03-22 13:10:00.514490,w,Data received successfully
2024-03-22 13:10:00.825174,w,Data received successfully
2024-03-22 13:10:01.138014,w,Data received successfully
2024-03-22 13:10:01.419079,w,Data received successfully
2024-03-22 13:10:01.623444,w,Data received successfully
2024-03-22 13:10:01.831825,w,Data received successfully
2024-03-22 13:10:02.161106,w,Data received successfully
2024-03-22 13:10:02.482545,w,Data received successfully
2024-03-22 13:10:02.849592,w,Data received successfully
2024-03-22 13:10:03.264996,w,Data received successfully
2024-03-22 13:10:03.599067,w,Data received successfully
2024-03-22 13:10:03.902717,w,Data received successfully
2024-03-22 13:10:04.179276,w,Data received successfully
2024-03-22 13:10:04.390707,w,Data received successfully
2024-03-22 13:10:04.685676,w,Data received successfully
2024-03-22 13:10:05.019150,w,Data received successfully
2024-03-22 13:10:06.243619,w,Data received successfully
2024-03-22 13:10:06.558746,w,Data received successfully
2024-03-22 13:10:07.036881,w,Data received successfully
2024-03-22 13:10:07.340828,w,Data received successfully
2024-03-22 13:10:07.775837,w,Data received successfully
2024-03-22 13:10:08.076036,w,Data received successfully
2024-03-22 13:10:08.395331,w,Data received successfully
2024-03-22 13:10:08.726628,w,Data received successfully
2024-03-22 13:10:09.110117,w,Data received successfully
2024-03-22 13:10:09.409775,w,Data received successfully
2024-03-22 13:10:09.730762,w,Data received successfully
2024-03-22 13:10:10.026016,w,Data received successfully
2024-03-22 13:10:10.321184,w,Data received successfully
2024-03-22 13:10:10.528789,w,Data received successfully
2024-03-22 13:10:10.730023,w,Data received successfully
2024-03-22 13:10:11.037112,w,Data received successfully
2024-03-22 13:10:11.282075,w,Data received successfully
2024-03-22 13:10:11.538099,w,Data received successfully
2024-03-22 13:10:11.898875,w,Data received successfully
2024-03-22 13:10:12.171741,w,Data received successfully
2024-03-22 13:10:12.474260,w,Data received successfully
2024-03-22 13:10:12.779650,w,Data received successfully
2024-03-22 13:10:13.060329,w,Data received successfully
2024-03-22 13:10:13.317327,w,Data received successfully
2024-03-22 13:10:13.627613,w,Data received successfully
2024-03-22 13:10:13.923560,w,Data received successfully
2024-03-22 13:10:14.230657,w,Data received successfully
2024-03-22 13:10:14.526969,w,Data received successfully
2024-03-22 13:10:14.883230,w,Data received successfully
2024-03-22 13:10:15.144153,w,Data received successfully
2024-03-22 13:10:15.440167,w,Data received successfully
2024-03-22 13:10:15.775477,w,Data received successfully
2024-03-22 13:10:16.068367,w,Data received successfully
2024-03-22 13:10:16.379698,w,Data received successfully
2024-03-22 13:10:16.667259,w,Data received successfully
2024-03-22 13:10:16.900886,w,Data received successfully
2024-03-22 13:10:17.181031,w,Data received successfully
2024-03-22 13:10:17.400512,w,Data received successfully
2024-03-22 13:10:17.813743,w,Data received successfully
2024-03-22 13:10:18.120226,w,Data received successfully
2024-03-22 13:10:18.404252,w,Data received successfully
2024-03-22 13:10:18.658424,w,Data received successfully
2024-03-22 13:10:19.107945,w,Data received successfully
2024-03-22 13:10:19.335359,w,Data received successfully
2024-03-22 13:10:19.638112,w,Data received successfully
2024-03-22 13:10:19.949084,w,Data received successfully
2024-03-22 13:10:20.242160,w,Data received successfully
2024-03-22 13:10:20.567393,w,Data received successfully
2024-03-22 13:10:20.801431,w,Data received successfully
2024-03-22 13:10:21.098448,w,Data received successfully
2024-03-22 13:10:21.404814,w,Data received successfully
2024-03-22 13:10:21.692984,w,Data received successfully
2024-03-22 13:10:21.909834,w,Data received successfully
2024-03-22 13:10:22.208187,w,Data received successfully
2024-03-22 13:10:22.430833,w,Data received successfully
2024-03-22 13:10:22.880931,w,Data received successfully
2024-03-22 13:10:23.242059,w,Data received successfully
2024-03-22 13:10:23.570597,w,Data received successfully
2024-03-22 13:10:23.837578,w,Data received successfully
2024-03-22 13:10:24.208367,w,Data received successfully
2024-03-22 13:10:24.451824,w,Data received successfully
2024-03-22 13:10:24.882061,w,Data received successfully
2024-03-22 13:10:25.177264,w,Data received successfully
2024-03-22 13:10:25.482227,w,Data received successfully
2024-03-22 13:10:25.680787,w,Data received successfully
2024-03-22 13:10:25.901385,w,Data received successfully
2024-03-22 13:10:26.188638,w,Data received successfully
2024-03-22 13:10:26.407459,w,Data received successfully
2024-03-22 13:10:26.710291,w,Data received successfully
2024-03-22 13:10:26.925077,w,Data received successfully
2024-03-22 13:10:27.223811,w,Data received successfully
2024-03-22 13:10:27.428192,w,Data received successfully
2024-03-22 13:10:27.717387,w,Data received successfully
2024-03-22 13:10:28.057722,w,Data received successfully
2024-03-22 13:10:28.329960,w,Data received successfully
2024-03-22 13:10:28.661309,r,Data received successfully
2024-03-22 13:11:00.700740,d,Data received successfully
2024-03-22 13:11:00.959749,d,Data received successfully
2024-03-22 13:11:01.344702,d,Data received successfully
2024-03-22 13:11:01.623080,d,Data received successfully
2024-03-22 13:11:01.898073,d,Data received successfully
2024-03-22 13:11:02.126274,d,Data received successfully
2024-03-22 13:11:02.407185,d,Data received successfully
2024-03-22 13:11:02.636242,d,Data received successfully
2024-03-22 13:11:02.891812,d,Data received successfully
2024-03-22 13:11:03.241698,d,Data received successfully
2024-03-22 13:11:03.660279,d,Data received successfully
2024-03-22 13:11:03.893587,d,Data received successfully
2024-03-22 13:11:04.206131,d,Data received successfully
2024-03-22 13:11:04.497219,d,Data received successfully
2024-03-22 13:11:04.796090,d,Data received successfully
2024-03-22 13:11:05.129355,d,Data received successfully
2024-03-22 13:11:05.411781,d,Data received successfully
2024-03-22 13:11:05.623840,d,Data received successfully
2024-03-22 13:11:05.813286,d,Data received successfully
2024-03-22 13:11:06.058456,d,Data received successfully
2024-03-22 13:11:06.336424,d,Data received successfully
2024-03-22 13:11:06.551358,d,Data received successfully
2024-03-22 13:11:06.850703,d,Data received successfully
2024-03-22 13:11:07.148671,d,Data received successfully
2024-03-22 13:11:07.389621,d,Data received successfully
2024-03-22 13:11:07.708145,d,Data received successfully
2024-03-22 13:11:08.085014,d,Data received successfully
2024-03-22 13:11:08.366285,d,Data received successfully
2024-03-22 13:11:08.713367,d,Data received successfully
2024-03-22 13:11:08.988416,d,Data received successfully
2024-03-22 13:11:09.230267,d,Data received successfully
2024-03-22 13:11:09.510120,d,Data received successfully
2024-03-22 13:11:09.725408,d,Data received successfully
2024-03-22 13:11:10.125293,d,Data received successfully
2024-03-22 13:11:10.334183,d,Data received successfully
2024-03-22 13:11:10.622916,d,Data received successfully
2024-03-22 13:11:10.877311,d,Data received successfully
2024-03-22 13:11:11.210671,d,Data received successfully
2024-03-22 13:11:11.441694,d,Data received successfully
2024-03-22 13:11:11.771240,d,Data received successfully
2024-03-22 13:11:12.097621,d,Data received successfully
2024-03-22 13:11:12.368655,d,Data received successfully
2024-03-22 13:11:12.608559,d,Data received successfully
2024-03-22 13:11:12.891986,d,Data received successfully
2024-03-22 13:11:13.133683,d,Data received successfully
2024-03-22 13:11:13.516384,d,Data received successfully
2024-03-22 13:11:13.857850,d,Data received successfully
2024-03-22 13:11:14.167159,d,Data received successfully
2024-03-22 13:11:14.424113,d,Data received successfully
2024-03-22 13:11:14.670259,d,Data received successfully
2024-03-22 13:11:15.056956,d,Data received successfully
2024-03-22 13:11:15.350483,d,Data received successfully
2024-03-22 13:11:15.650218,d,Data received successfully
2024-03-22 13:11:15.976543,d,Data received successfully
2024-03-22 13:11:16.289492,d,Data received successfully
2024-03-22 13:11:16.592339,d,Data received successfully
2024-03-22 13:11:16.910837,d,Data received successfully
2024-03-22 13:11:17.220028,d,Data received successfully
2024-03-22 13:11:17.496222,d,Data received successfully
2024-03-22 13:11:17.696308,d,Data received successfully
2024-03-22 13:11:17.911491,d,Data received successfully
2024-03-22 13:11:18.148012,d,Data received successfully
2024-03-22 13:11:18.416921,w,Data received successfully
2024-03-22 13:11:18.640018,w,Data received successfully
2024-03-22 13:11:18.933335,d,Data received successfully
2024-03-22 13:11:19.231181,d,Data received successfully
2024-03-22 13:11:19.540368,d,Data received successfully
2024-03-22 13:11:19.904307,d,Data received successfully
2024-03-22 13:11:20.164765,d,Data received successfully
2024-03-22 13:11:20.456501,d,Data received successfully
2024-03-22 13:11:20.777023,d,Data received successfully
2024-03-22 13:11:20.997037,d,Data received successfully
2024-03-22 13:11:21.323017,d,Data received successfully
2024-03-22 13:11:21.591967,d,Data received successfully
2024-03-22 13:11:21.824734,d,Data received successfully
2024-03-22 13:11:22.125518,d,Data received successfully
2024-03-22 13:11:22.406120,d,Data received successfully
2024-03-22 13:11:22.656158,d,Data received successfully
2024-03-22 13:11:22.939684,d,Data received successfully
2024-03-22 13:11:23.304496,d,Data received successfully
2024-03-22 13:11:23.561275,w,Data received successfully
2024-03-22 13:11:23.872754,w,Data received successfully
2024-03-22 13:11:24.151301,w,Data received successfully
2024-03-22 13:11:24.374532,w,Data received successfully
2024-03-22 13:11:24.667599,w,Data received successfully
2024-03-22 13:11:24.993702,w,Data received successfully
2024-03-22 13:11:25.284487,w,Data received successfully
2024-03-22 13:11:25.484499,w,Data received successfully
2024-03-22 13:11:25.687674,w,Data received successfully
2024-03-22 13:11:25.921076,w,Data received successfully
2024-03-22 13:11:26.195949,w,Data received successfully
2024-03-22 13:11:26.428636,w,Data received successfully
2024-03-22 13:11:26.719233,w,Data received successfully
2024-03-22 13:11:26.968859,w,Data received successfully
2024-03-22 13:11:27.266910,w,Data received successfully
2024-03-22 13:11:27.619142,w,Data received successfully
2024-03-22 13:11:27.934316,w,Data received successfully
2024-03-22 13:11:28.253361,w,Data received successfully
2024-03-22 13:11:28.548633,w,Data received successfully
2024-03-22 13:11:28.866580,w,Data received successfully
2024-03-22 13:11:29.167686,w,Data received successfully
2024-03-22 13:11:29.507337,w,Data received successfully
2024-03-22 13:11:29.785305,w,Data received successfully
2024-03-22 13:11:30.001332,w,Data received successfully
2024-03-22 13:11:30.308742,w,Data received successfully
2024-03-22 13:11:30.617106,w,Data received successfully
2024-03-22 13:11:30.941307,w,Data received successfully
2024-03-22 13:11:31.322940,w,Data received successfully
2024-03-22 13:11:31.535441,w,Data received successfully
2024-03-22 13:11:31.832779,w,Data received successfully
2024-03-22 13:11:32.179868,w,Data received successfully
2024-03-22 13:11:32.437539,w,Data received successfully
2024-03-22 13:11:32.771651,w,Data received successfully
2024-03-22 13:11:33.182916,w,Data received successfully
2024-03-22 13:11:33.491651,w,Data received successfully
2024-03-22 13:11:33.795993,w,Data received successfully
2024-03-22 13:11:34.137880,w,Data received successfully
2024-03-22 13:11:34.385945,w,Data received successfully
2024-03-22 13:11:34.621521,w,Data received successfully
2024-03-22 13:11:34.908754,w,Data received successfully
2024-03-22 13:11:35.140257,w,Data received successfully
2024-03-22 13:11:35.448387,w,Data received successfully
2024-03-22 13:11:35.747208,w,Data received successfully
2024-03-22 13:11:36.136942,w,Data received successfully
2024-03-22 13:11:36.339036,w,Data received successfully
2024-03-22 13:11:36.642369,w,Data received successfully
2024-03-22 13:11:36.956626,w,Data received successfully
2024-03-22 13:11:37.267100,w,Data received successfully
2024-03-22 13:11:37.563883,w,Data received successfully
2024-03-22 13:11:37.879846,w,Data received successfully
2024-03-22 13:11:38.103302,w,Data received successfully
2024-03-22 13:11:38.380672,w,Data received successfully
2024-03-22 13:11:38.639268,w,Data received successfully
2024-03-22 13:11:38.919236,w,Data received successfully
2024-03-22 13:11:39.226212,w,Data received successfully
2024-03-22 13:11:39.511110,w,Data received successfully
2024-03-22 13:11:39.746941,w,Data received successfully
2024-03-22 13:11:40.131984,w,Data received successfully
2024-03-22 13:11:40.332871,w,Data received successfully
2024-03-22 13:11:40.548078,w,Data received successfully
2024-03-22 13:11:40.939464,w,Data received successfully
2024-03-22 13:11:41.165929,w,Data received successfully
2024-03-22 13:11:41.449234,w,Data received successfully
2024-03-22 13:11:41.790022,w,Data received successfully
2024-03-22 13:11:42.106243,w,Data received successfully
2024-03-22 13:11:42.370018,w,Data received successfully
2024-03-22 13:11:42.595680,w,Data received successfully
2024-03-22 13:11:42.926440,w,Data received successfully
2024-03-22 13:11:43.297662,w,Data received successfully
2024-03-22 13:11:43.542284,w,Data received successfully
2024-03-22 13:11:43.825829,w,Data received successfully
2024-03-22 13:11:44.119494,w,Data received successfully
2024-03-22 13:11:44.367861,w,Data received successfully
2024-03-22 13:11:44.733808,w,Data received successfully
2024-03-22 13:11:45.124741,w,Data received successfully
2024-03-22 13:11:45.351539,w,Data received successfully
2024-03-22 13:11:45.668132,w,Data received successfully
2024-03-22 13:11:45.996747,w,Data received successfully
2024-03-22 13:11:46.299225,w,Data received successfully
2024-03-22 13:11:46.578949,w,Data received successfully
2024-03-22 13:11:46.837149,w,Data received successfully
2024-03-22 13:11:47.192197,w,Data received successfully
2024-03-22 13:11:47.394696,w,Data received successfully
2024-03-22 13:11:47.620693,w,Data received successfully
2024-03-22 13:11:47.918386,w,Data received successfully
2024-03-22 13:11:48.227753,s,Data received successfully
2024-03-22 13:11:48.573927,s,Data received successfully
2024-03-22 13:11:48.937536,s,Data received successfully
2024-03-22 13:11:49.234978,s,Data received successfully
2024-03-22 13:11:49.546984,s,Data received successfully
2024-03-22 13:11:49.861788,r,Data received successfully
2024-03-22 13:12:12.838404,d,Data received successfully
2024-03-22 13:12:13.152321,d,Data received successfully
2024-03-22 13:12:13.444907,d,Data received successfully
2024-03-22 13:12:13.721846,d,Data received successfully
2024-03-22 13:12:14.008340,d,Data received successfully
2024-03-22 13:12:14.305545,d,Data received successfully
2024-03-22 13:12:14.535002,d,Data received successfully
2024-03-22 13:12:14.755220,d,Data received successfully
2024-03-22 13:12:15.135735,d,Data received successfully
2024-03-22 13:12:15.342804,d,Data received successfully
2024-03-22 13:12:15.575558,d,Data received successfully
2024-03-22 13:12:15.861584,d,Data received successfully
2024-03-22 13:12:16.194524,d,Data received successfully
2024-03-22 13:12:16.472209,d,Data received successfully
2024-03-22 13:12:16.808773,d,Data received successfully
2024-03-22 13:12:17.164303,d,Data received successfully
2024-03-22 13:12:17.399347,d,Data received successfully
2024-03-22 13:12:17.602810,d,Data received successfully
2024-03-22 13:12:17.810208,d,Data received successfully
2024-03-22 13:12:18.042233,d,Data received successfully
2024-03-22 13:12:18.328296,d,Data received successfully
2024-03-22 13:12:18.548870,d,Data received successfully
2024-03-22 13:12:18.831057,d,Data received successfully
2024-03-22 13:12:19.179311,d,Data received successfully
2024-03-22 13:12:19.459416,d,Data received successfully
2024-03-22 13:12:19.767747,d,Data received successfully
2024-03-22 13:12:20.169174,d,Data received successfully
2024-03-22 13:12:20.363746,d,Data received successfully
2024-03-22 13:12:20.692718,d,Data received successfully
2024-03-22 13:12:20.992024,d,Data received successfully
2024-03-22 13:12:21.294565,d,Data received successfully
2024-03-22 13:12:21.506514,d,Data received successfully
2024-03-22 13:12:21.844222,d,Data received successfully
2024-03-22 13:12:22.129459,d,Data received successfully
2024-03-22 13:12:22.419463,d,Data received successfully
2024-03-22 13:12:22.661041,d,Data received successfully
2024-03-22 13:12:22.925668,d,Data received successfully
2024-03-22 13:12:23.200757,d,Data received successfully
2024-03-22 13:12:23.478813,d,Data received successfully
2024-03-22 13:12:23.768063,d,Data received successfully
2024-03-22 13:12:24.061709,d,Data received successfully
2024-03-22 13:12:24.269241,d,Data received successfully
2024-03-22 13:12:24.570862,d,Data received successfully
2024-03-22 13:12:24.884877,d,Data received successfully
2024-03-22 13:12:25.181580,d,Data received successfully
2024-03-22 13:12:25.497064,d,Data received successfully
2024-03-22 13:12:25.795111,d,Data received successfully
2024-03-22 13:12:26.036300,d,Data received successfully
2024-03-22 13:12:26.324169,d,Data received successfully
2024-03-22 13:12:26.679338,d,Data received successfully
2024-03-22 13:12:26.935235,d,Data received successfully
2024-03-22 13:12:27.221666,d,Data received successfully
2024-03-22 13:12:27.481548,d,Data received successfully
2024-03-22 13:12:27.771869,d,Data received successfully
2024-03-22 13:12:28.254141,d,Data received successfully
2024-03-22 13:12:28.459783,d,Data received successfully
2024-03-22 13:12:28.766749,d,Data received successfully
2024-03-22 13:12:29.162298,d,Data received successfully
2024-03-22 13:12:29.386953,d,Data received successfully
2024-03-22 13:12:29.694803,d,Data received successfully
2024-03-22 13:12:30.001185,d,Data received successfully
2024-03-22 13:12:30.202933,d,Data received successfully
2024-03-22 13:12:30.426020,d,Data received successfully
2024-03-22 13:12:30.723203,d,Data received successfully
2024-03-22 13:12:31.044801,d,Data received successfully
2024-03-22 13:12:31.331384,d,Data received successfully
2024-03-22 13:12:31.534888,d,Data received successfully
2024-03-22 13:12:31.758881,d,Data received successfully
2024-03-22 13:12:32.052298,d,Data received successfully
2024-03-22 13:12:32.348303,d,Data received successfully
2024-03-22 13:12:32.651907,d,Data received successfully
2024-03-22 13:12:32.993716,d,Data received successfully
2024-03-22 13:12:33.311302,d,Data received successfully
2024-03-22 13:12:33.617869,d,Data received successfully
2024-03-22 13:12:33.909657,d,Data received successfully
2024-03-22 13:12:34.195470,d,Data received successfully
2024-03-22 13:12:34.402533,d,Data received successfully
2024-03-22 13:12:34.642919,d,Data received successfully
2024-03-22 13:12:35.112699,d,Data received successfully
2024-03-22 13:12:35.340207,w,Data received successfully
2024-03-22 13:12:35.629073,w,Data received successfully
2024-03-22 13:12:35.856464,w,Data received successfully
2024-03-22 13:12:36.260207,w,Data received successfully
2024-03-22 13:12:36.545002,w,Data received successfully
2024-03-22 13:12:36.870151,w,Data received successfully
2024-03-22 13:12:37.168561,w,Data received successfully
2024-03-22 13:12:37.484468,w,Data received successfully
2024-03-22 13:12:37.802895,w,Data received successfully
2024-03-22 13:12:38.144424,w,Data received successfully
2024-03-22 13:12:38.421139,w,Data received successfully
2024-03-22 13:12:38.793779,w,Data received successfully
2024-03-22 13:12:39.031673,w,Data received successfully
2024-03-22 13:12:39.329103,w,Data received successfully
2024-03-22 13:12:39.630808,w,Data received successfully
2024-03-22 13:12:39.874341,w,Data received successfully
2024-03-22 13:12:40.247179,r,Data received successfully
2024-03-22 13:13:05.434891,d,Data received successfully
2024-03-22 13:13:05.642256,d,Data received successfully
2024-03-22 13:13:06.026459,d,Data received successfully
2024-03-22 13:13:06.288932,d,Data received successfully
2024-03-22 13:13:06.557816,d,Data received successfully
2024-03-22 13:13:06.866648,d,Data received successfully
2024-03-22 13:13:07.165693,d,Data received successfully
2024-03-22 13:13:07.474266,d,Data received successfully
2024-03-22 13:13:07.780963,d,Data received successfully
2024-03-22 13:13:08.141913,d,Data received successfully
2024-03-22 13:13:08.505271,d,Data received successfully
2024-03-22 13:13:08.708762,d,Data received successfully
2024-03-22 13:13:08.943489,d,Data received successfully
2024-03-22 13:13:09.224896,d,Data received successfully
2024-03-22 13:13:09.411503,d,Data received successfully
2024-03-22 13:13:09.620813,d,Data received successfully
2024-03-22 13:13:09.858054,d,Data received successfully
2024-03-22 13:13:10.154186,d,Data received successfully
2024-03-22 13:13:10.442914,d,Data received successfully
2024-03-22 13:13:10.689453,d,Data received successfully
2024-03-22 13:13:11.074380,d,Data received successfully
2024-03-22 13:13:11.376533,d,Data received successfully
2024-03-22 13:13:11.683464,d,Data received successfully
2024-03-22 13:13:11.990064,d,Data received successfully
2024-03-22 13:13:12.312310,d,Data received successfully
2024-03-22 13:13:12.681630,d,Data received successfully
2024-03-22 13:13:12.903794,d,Data received successfully
2024-03-22 13:13:13.165102,d,Data received successfully
2024-03-22 13:13:13.448776,d,Data received successfully
2024-03-22 13:13:13.744872,d,Data received successfully
2024-03-22 13:13:14.037160,d,Data received successfully
2024-03-22 13:13:14.319674,d,Data received successfully
2024-03-22 13:13:14.626140,d,Data received successfully
2024-03-22 13:13:14.896920,d,Data received successfully
2024-03-22 13:13:15.253370,d,Data received successfully
2024-03-22 13:13:15.578446,d,Data received successfully
2024-03-22 13:13:15.878050,d,Data received successfully
2024-03-22 13:13:16.209713,d,Data received successfully
2024-03-22 13:13:16.484599,d,Data received successfully
2024-03-22 13:13:16.795474,d,Data received successfully
2024-03-22 13:13:17.186329,d,Data received successfully
2024-03-22 13:13:17.412031,d,Data received successfully
2024-03-22 13:13:17.634916,d,Data received successfully
2024-03-22 13:13:17.925111,d,Data received successfully
2024-03-22 13:13:18.184893,d,Data received successfully
2024-03-22 13:13:18.429513,d,Data received successfully
2024-03-22 13:13:18.658403,d,Data received successfully
2024-03-22 13:13:19.050759,d,Data received successfully
2024-03-22 13:13:19.296884,d,Data received successfully
2024-03-22 13:13:19.596218,d,Data received successfully
2024-03-22 13:13:19.863122,d,Data received successfully
2024-03-22 13:13:20.109528,d,Data received successfully
2024-03-22 13:13:20.376107,d,Data received successfully
2024-03-22 13:13:20.676950,d,Data received successfully
2024-03-22 13:13:21.003249,d,Data received successfully
2024-03-22 13:13:21.287205,d,Data received successfully
2024-03-22 13:13:21.509027,d,Data received successfully
2024-03-22 13:13:21.763631,d,Data received successfully
2024-03-22 13:13:22.139019,d,Data received successfully
2024-03-22 13:13:22.433562,d,Data received successfully
2024-03-22 13:13:22.676300,d,Data received successfully
2024-03-22 13:13:22.926065,d,Data received successfully
2024-03-22 13:13:23.198453,d,Data received successfully
2024-03-22 13:13:23.472410,d,Data received successfully
2024-03-22 13:13:23.786236,d,Data received successfully
2024-03-22 13:13:24.067335,d,Data received successfully
2024-03-22 13:13:24.399749,d,Data received successfully
2024-03-22 13:13:24.795011,d,Data received successfully
2024-03-22 13:13:25.201934,d,Data received successfully
2024-03-22 13:13:25.619653,d,Data received successfully
2024-03-22 13:13:25.919913,d,Data received successfully
2024-03-22 13:13:26.218558,d,Data received successfully
2024-03-22 13:13:26.424495,d,Data received successfully
2024-03-22 13:13:26.631125,d,Data received successfully
2024-03-22 13:13:26.840520,d,Data received successfully
2024-03-22 13:13:27.219984,d,Data received successfully
2024-03-22 13:13:27.522371,w,Data received successfully
2024-03-22 13:13:27.788231,w,Data received successfully
2024-03-22 13:13:28.196048,w,Data received successfully
2024-03-22 13:13:28.466110,w,Data received successfully
2024-03-22 13:13:28.783721,w,Data received successfully
2024-03-22 13:13:29.094362,w,Data received successfully
2024-03-22 13:13:29.394964,w,Data received successfully
2024-03-22 13:13:29.688093,w,Data received successfully
2024-03-22 13:13:30.016628,w,Data received successfully
2024-03-22 13:13:30.312062,w,Data received successfully
2024-03-22 13:13:30.518236,w,Data received successfully
2024-03-22 13:13:30.787428,w,Data received successfully
2024-03-22 13:13:31.118418,w,Data received successfully
2024-03-22 13:13:31.331444,w,Data received successfully
2024-03-22 13:13:31.534325,w,Data received successfully
2024-03-22 13:13:31.804773,w,Data received successfully
2024-03-22 13:13:32.060115,w,Data received successfully
2024-03-22 13:13:32.347988,w,Data received successfully
2024-03-22 13:13:32.675133,w,Data received successfully
2024-03-22 13:13:32.993253,w,Data received successfully
2024-03-22 13:13:33.306886,w,Data received successfully
2024-03-22 13:13:33.626008,w,Data received successfully
2024-03-22 13:13:33.900347,w,Data received successfully
2024-03-22 13:13:34.102910,w,Data received successfully
2024-03-22 13:13:34.403151,w,Data received successfully
2024-03-22 13:13:34.717933,w,Data received successfully
2024-03-22 13:13:34.922275,w,Data received successfully
2024-03-22 13:13:35.227462,w,Data received successfully
2024-03-22 13:13:35.440266,w,Data received successfully
2024-03-22 13:13:35.672361,w,Data received successfully
2024-03-22 13:13:35.937617,w,Data received successfully
2024-03-22 13:13:36.268330,w,Data received successfully
2024-03-22 13:13:36.564307,w,Data received successfully
2024-03-22 13:13:36.874742,w,Data received successfully
2024-03-22 13:13:37.208241,w,Data received successfully
2024-03-22 13:13:37.485290,w,Data received successfully
2024-03-22 13:13:37.785753,w,Data received successfully
2024-03-22 13:13:38.197941,w,Data received successfully
2024-03-22 13:13:38.402778,w,Data received successfully
2024-03-22 13:13:38.613842,w,Data received successfully
2024-03-22 13:13:38.819314,w,Data received successfully
2024-03-22 13:13:39.041571,w,Data received successfully
2024-03-22 13:13:39.332565,w,Data received successfully
2024-03-22 13:13:39.694354,w,Data received successfully
2024-03-22 13:13:40.097907,w,Data received successfully
2024-03-22 13:13:40.388044,w,Data received successfully
2024-03-22 13:13:40.778776,w,Data received successfully
2024-03-22 13:13:41.078845,w,Data received successfully
2024-03-22 13:13:41.366608,w,Data received successfully
2024-03-22 13:13:41.702201,w,Data received successfully
2024-03-22 13:13:42.006113,w,Data received successfully
2024-03-22 13:13:42.295078,w,Data received successfully
2024-03-22 13:13:42.717537,w,Data received successfully
2024-03-22 13:13:43.948352,w,Data received successfully
2024-03-22 13:13:44.359775,w,Data received successfully
2024-03-22 13:13:44.638011,w,Data received successfully
2024-03-22 13:13:44.910683,w,Data received successfully
2024-03-22 13:13:45.280950,w,Data received successfully
2024-03-22 13:13:45.565996,w,Data received successfully
2024-03-22 13:13:45.886368,w,Data received successfully
2024-03-22 13:13:46.255152,w,Data received successfully
2024-03-22 13:13:46.494324,w,Data received successfully
2024-03-22 13:13:46.803086,w,Data received successfully
2024-03-22 13:13:47.021570,w,Data received successfully
2024-03-22 13:13:47.331220,w,Data received successfully
2024-03-22 13:13:47.644724,w,Data received successfully
2024-03-22 13:13:48.015150,w,Data received successfully
2024-03-22 13:13:48.300410,w,Data received successfully
2024-03-22 13:13:48.539991,w,Data received successfully
2024-03-22 13:13:48.766961,w,Data received successfully
2024-03-22 13:13:49.064745,w,Data received successfully
2024-03-22 13:13:49.366787,w,Data received successfully
2024-03-22 13:13:49.577004,w,Data received successfully
2024-03-22 13:13:49.878370,w,Data received successfully
2024-03-22 13:13:50.094573,w,Data received successfully
2024-03-22 13:13:50.465715,w,Data received successfully
2024-03-22 13:13:50.700543,w,Data received successfully
2024-03-22 13:13:51.004752,w,Data received successfully
2024-03-22 13:13:51.304229,w,Data received successfully
2024-03-22 13:13:51.606842,w,Data received successfully
2024-03-22 13:13:51.945255,w,Data received successfully
2024-03-22 13:13:52.309749,w,Data received successfully
2024-03-22 13:13:52.532034,w,Data received successfully
2024-03-22 13:13:52.753370,w,Data received successfully
2024-03-22 13:13:53.053089,w,Data received successfully
2024-03-22 13:13:53.364808,w,Data received successfully
2024-03-22 13:13:53.681727,w,Data received successfully
2024-03-22 13:13:53.993339,w,Data received successfully
2024-03-22 13:13:54.272045,w,Data received successfully
2024-03-22 13:13:54.591787,w,Data received successfully
2024-03-22 13:13:54.897123,w,Data received successfully
2024-03-22 13:13:55.199653,w,Data received successfully
2024-03-22 13:13:55.514650,w,Data received successfully
2024-03-22 13:13:55.839472,w,Data received successfully
2024-03-22 13:13:56.235721,w,Data received successfully
2024-03-22 13:13:56.519573,w,Data received successfully
2024-03-22 13:13:56.832073,w,Data received successfully
2024-03-22 13:13:57.062781,w,Data received successfully
2024-03-22 13:13:57.342096,w,Data received successfully
2024-03-22 13:13:57.661475,w,Data received successfully
2024-03-22 13:13:57.881441,w,Data received successfully
2024-03-22 13:13:58.200094,w,Data received successfully
2024-03-22 13:13:58.491491,w,Data received successfully
2024-03-22 13:13:58.793279,w,Data received successfully
2024-03-22 13:13:59.208110,w,Data received successfully
2024-03-22 13:13:59.597619,w,Data received successfully
2024-03-22 13:13:59.817265,w,Data received successfully
2024-03-22 13:14:00.203178,r,Data received successfully
2024-03-22 13:14:58.062259,a,Data received successfully
2024-03-22 13:14:58.310936,a,Data received successfully
2024-03-22 13:14:58.575477,a,Data received successfully
2024-03-22 13:14:58.789619,a,Data received successfully
2024-03-22 13:14:58.979426,a,Data received successfully
2024-03-22 13:14:59.201127,a,Data received successfully
2024-03-22 13:14:59.402775,a,Data received successfully
2024-03-22 13:14:59.660644,a,Data received successfully
2024-03-22 13:14:59.948207,a,Data received successfully
2024-03-22 13:15:00.280872,a,Data received successfully
2024-03-22 13:15:00.691958,a,Data received successfully
2024-03-22 13:15:00.940255,a,Data received successfully
2024-03-22 13:15:01.245077,a,Data received successfully
2024-03-22 13:15:01.595754,a,Data received successfully
2024-03-22 13:15:01.855546,a,Data received successfully
2024-03-22 13:15:02.203084,a,Data received successfully
2024-03-22 13:15:02.470372,a,Data received successfully
2024-03-22 13:15:02.773247,a,Data received successfully
2024-03-22 13:15:03.013004,a,Data received successfully
2024-03-22 13:15:03.326874,a,Data received successfully
2024-03-22 13:15:03.627027,a,Data received successfully
2024-03-22 13:15:03.910655,a,Data received successfully
2024-03-22 13:15:04.279360,a,Data received successfully
2024-03-22 13:15:04.514953,a,Data received successfully
2024-03-22 13:15:04.833796,w,Data received successfully
2024-03-22 13:15:05.241776,w,Data received successfully
2024-03-22 13:15:05.447346,w,Data received successfully
2024-03-22 13:15:05.768812,w,Data received successfully
2024-03-22 13:15:06.059216,w,Data received successfully
2024-03-22 13:15:06.369786,w,Data received successfully
2024-03-22 13:15:06.652338,w,Data received successfully
2024-03-22 13:15:06.924850,w,Data received successfully
2024-03-22 13:15:07.289988,w,Data received successfully
2024-03-22 13:15:07.480934,w,Data received successfully
2024-03-22 13:15:07.719416,w,Data received successfully
2024-03-22 13:15:08.000119,w,Data received successfully
2024-03-22 13:15:08.251743,w,Data received successfully
2024-03-22 13:15:08.510666,w,Data received successfully
2024-03-22 13:15:08.733917,w,Data received successfully
2024-03-22 13:15:09.028050,w,Data received successfully
2024-03-22 13:15:09.333291,w,Data received successfully
2024-03-22 13:15:09.649149,w,Data received successfully
2024-03-22 13:15:09.961081,w,Data received successfully
2024-03-22 13:15:10.252281,w,Data received successfully
2024-03-22 13:15:10.600885,w,Data received successfully
2024-03-22 13:15:10.874650,w,Data received successfully
2024-03-22 13:15:11.111917,w,Data received successfully
2024-03-22 13:15:11.379297,w,Data received successfully
2024-03-22 13:15:11.594792,w,Data received successfully
2024-03-22 13:15:11.883960,w,Data received successfully
2024-03-22 13:15:12.121639,w,Data received successfully
2024-03-22 13:15:12.433803,w,Data received successfully
2024-03-22 13:15:12.711870,w,Data received successfully
2024-03-22 13:15:13.001277,w,Data received successfully
2024-03-22 13:15:13.318166,w,Data received successfully
2024-03-22 13:15:13.568479,w,Data received successfully
2024-03-22 13:15:13.868750,w,Data received successfully
2024-03-22 13:15:14.265692,w,Data received successfully
2024-03-22 13:15:14.560778,w,Data received successfully
2024-03-22 13:15:14.782500,w,Data received successfully
2024-03-22 13:15:15.077535,w,Data received successfully
2024-03-22 13:15:15.381012,w,Data received successfully
2024-03-22 13:15:15.682930,w,Data received successfully
2024-03-22 13:15:16.004302,w,Data received successfully
2024-03-22 13:15:16.296503,w,Data received successfully
2024-03-22 13:15:16.605718,w,Data received successfully
2024-03-22 13:15:16.826481,w,Data received successfully
2024-03-22 13:15:17.113563,w,Data received successfully
2024-03-22 13:15:17.446791,w,Data received successfully
2024-03-22 13:15:17.856795,w,Data received successfully
2024-03-22 13:15:18.140628,w,Data received successfully
2024-03-22 13:15:18.362643,w,Data received successfully
2024-03-22 13:15:18.638135,w,Data received successfully
2024-03-22 13:15:18.971366,w,Data received successfully
2024-03-22 13:15:19.347492,w,Data received successfully
2024-03-22 13:15:19.578515,w,Data received successfully
2024-03-22 13:15:19.888693,w,Data received successfully
2024-03-22 13:15:20.282158,w,Data received successfully
2024-03-22 13:15:20.505142,w,Data received successfully
2024-03-22 13:15:20.816214,w,Data received successfully
2024-03-22 13:15:21.120553,w,Data received successfully
2024-03-22 13:15:21.412299,w,Data received successfully
2024-03-22 13:15:21.614332,w,Data received successfully
2024-03-22 13:15:21.904118,w,Data received successfully
2024-03-22 13:15:22.157702,d,Data received successfully
2024-03-22 13:15:22.494429,d,Data received successfully
2024-03-22 13:15:22.863021,d,Data received successfully
2024-03-22 13:15:23.299156,d,Data received successfully
2024-03-22 13:15:23.613355,d,Data received successfully
2024-03-22 13:15:23.887894,d,Data received successfully
2024-03-22 13:15:24.204803,d,Data received successfully
2024-03-22 13:15:24.476598,d,Data received successfully
2024-03-22 13:15:24.696808,d,Data received successfully
2024-03-22 13:15:25.002522,d,Data received successfully
2024-03-22 13:15:25.322432,d,Data received successfully
2024-03-22 13:15:25.612881,d,Data received successfully
2024-03-22 13:15:25.829209,d,Data received successfully
2024-03-22 13:15:26.032836,d,Data received successfully
2024-03-22 13:15:26.334299,d,Data received successfully
2024-03-22 13:15:26.596012,d,Data received successfully
2024-03-22 13:15:26.840706,d,Data received successfully
2024-03-22 13:15:27.075103,d,Data received successfully
2024-03-22 13:15:27.349166,d,Data received successfully
2024-03-22 13:15:27.683394,d,Data received successfully
2024-03-22 13:15:27.982920,d,Data received successfully
2024-03-22 13:15:28.303347,d,Data received successfully
2024-03-22 13:15:28.575200,d,Data received successfully
2024-03-22 13:15:28.953586,d,Data received successfully
2024-03-22 13:15:29.262544,d,Data received successfully
2024-03-22 13:15:29.502310,d,Data received successfully
2024-03-22 13:15:29.747482,d,Data received successfully
2024-03-22 13:15:30.127045,d,Data received successfully
2024-03-22 13:15:30.391766,d,Data received successfully
2024-03-22 13:15:30.634439,d,Data received successfully
2024-03-22 13:15:30.886741,d,Data received successfully
2024-03-22 13:15:31.338996,d,Data received successfully
2024-03-22 13:15:31.592195,d,Data received successfully
2024-03-22 13:15:31.865836,d,Data received successfully
2024-03-22 13:15:32.209039,d,Data received successfully
2024-03-22 13:15:32.465405,d,Data received successfully
2024-03-22 13:15:32.790399,d,Data received successfully
2024-03-22 13:15:33.101201,d,Data received successfully
2024-03-22 13:15:33.463342,d,Data received successfully
2024-03-22 13:15:33.732930,d,Data received successfully
2024-03-22 13:15:34.030121,d,Data received successfully
2024-03-22 13:15:34.308312,d,Data received successfully
2024-03-22 13:15:34.537208,d,Data received successfully
2024-03-22 13:15:34.824153,d,Data received successfully
2024-03-22 13:15:35.064976,d,Data received successfully
2024-03-22 13:15:35.438999,d,Data received successfully
2024-03-22 13:15:35.694343,d,Data received successfully
2024-03-22 13:15:35.995985,d,Data received successfully
2024-03-22 13:15:36.384619,d,Data received successfully
2024-03-22 13:15:36.676225,d,Data received successfully
2024-03-22 13:15:36.998955,d,Data received successfully
2024-03-22 13:15:37.293152,d,Data received successfully
2024-03-22 13:15:37.593070,d,Data received successfully
2024-03-22 13:15:37.900202,d,Data received successfully
2024-03-22 13:15:38.172777,d,Data received successfully
2024-03-22 13:15:38.443822,d,Data received successfully
2024-03-22 13:15:38.727818,d,Data received successfully
2024-03-22 13:15:39.035858,d,Data received successfully
2024-03-22 13:15:39.296607,d,Data received successfully
2024-03-22 13:15:39.539827,d,Data received successfully
2024-03-22 13:15:39.773486,d,Data received successfully
2024-03-22 13:15:40.077267,d,Data received successfully
2024-03-22 13:15:40.358021,d,Data received successfully
2024-03-22 13:15:40.732601,d,Data received successfully
2024-03-22 13:15:40.979886,d,Data received successfully
2024-03-22 13:15:41.196403,d,Data received successfully
2024-03-22 13:15:41.476984,d,Data received successfully
2024-03-22 13:15:41.795126,d,Data received successfully
2024-03-22 13:15:42.102742,d,Data received successfully
2024-03-22 13:15:42.356389,d,Data received successfully
2024-03-22 13:15:42.611645,d,Data received successfully
2024-03-22 13:15:42.848648,d,Data received successfully
2024-03-22 13:15:43.126166,d,Data received successfully
2024-03-22 13:15:43.414752,d,Data received successfully
2024-03-22 13:15:43.656890,d,Data received successfully
2024-03-22 13:15:43.947668,d,Data received successfully
2024-03-22 13:15:44.166688,d,Data received successfully
2024-03-22 13:15:44.458711,d,Data received successfully
2024-03-22 13:15:44.734615,d,Data received successfully
2024-03-22 13:15:45.098803,d,Data received successfully
2024-03-22 13:15:45.428685,d,Data received successfully
2024-03-22 13:15:45.687483,d,Data received successfully
2024-03-22 13:15:45.993541,d,Data received successfully
2024-03-22 13:15:46.365356,d,Data received successfully
2024-03-22 13:15:46.638117,d,Data received successfully
2024-03-22 13:15:46.930545,d,Data received successfully
2024-03-22 13:15:47.304961,d,Data received successfully
2024-03-22 13:15:47.526136,d,Data received successfully
2024-03-22 13:15:47.777176,d,Data received successfully
2024-03-22 13:15:48.052172,d,Data received successfully
2024-03-22 13:15:48.347463,d,Data received successfully
2024-03-22 13:15:48.600146,d,Data received successfully
2024-03-22 13:15:48.924710,d,Data received successfully
2024-03-22 13:15:49.276418,d,Data received successfully
2024-03-22 13:15:49.568162,d,Data received successfully
2024-03-22 13:15:49.899157,d,Data received successfully
2024-03-22 13:15:50.273066,d,Data received successfully
2024-03-22 13:15:50.596779,d,Data received successfully
2024-03-22 13:15:50.816359,d,Data received successfully
2024-03-22 13:15:51.111711,d,Data received successfully
2024-03-22 13:15:51.421103,d,Data received successfully
2024-03-22 13:15:51.634760,d,Data received successfully
2024-03-22 13:15:51.888108,d,Data received successfully
2024-03-22 13:15:52.206585,d,Data received successfully
2024-03-22 13:15:52.447687,d,Data received successfully
2024-03-22 13:15:52.636422,d,Data received successfully
2024-03-22 13:15:52.877811,d,Data received successfully
2024-03-22 13:15:53.317721,d,Data received successfully
2024-03-22 13:15:53.594873,d,Data received successfully
2024-03-22 13:15:53.906739,d,Data received successfully
2024-03-22 13:15:54.287677,d,Data received successfully
2024-03-22 13:15:54.484395,d,Data received successfully
2024-03-22 13:15:54.702634,d,Data received successfully
2024-03-22 13:15:55.025427,d,Data received successfully
2024-03-22 13:15:55.336774,d,Data received successfully
2024-03-22 13:15:55.739959,d,Data received successfully
2024-03-22 13:15:56.025690,d,Data received successfully
2024-03-22 13:15:56.363038,d,Data received successfully
2024-03-22 13:15:56.658545,d,Data received successfully
2024-03-22 13:15:56.987285,d,Data received successfully
2024-03-22 13:15:57.345539,d,Data received successfully
2024-03-22 13:15:57.666083,d,Data received successfully
2024-03-22 13:15:57.980422,d,Data received successfully
2024-03-22 13:15:58.288012,d,Data received successfully
2024-03-22 13:15:58.597310,d,Data received successfully
2024-03-22 13:15:58.898374,d,Data received successfully
2024-03-22 13:15:59.121661,d,Data received successfully
2024-03-22 13:15:59.409047,d,Data received successfully
2024-03-22 13:15:59.645988,d,Data received successfully
2024-03-22 13:15:59.923749,d,Data received successfully
2024-03-22 13:16:00.210554,d,Data received successfully
2024-03-22 13:16:00.448769,d,Data received successfully
2024-03-22 13:16:00.838315,d,Data received successfully
2024-03-22 13:16:01.122247,d,Data received successfully
2024-03-22 13:16:01.359968,d,Data received successfully
2024-03-22 13:16:01.549732,d,Data received successfully
2024-03-22 13:16:01.891882,d,Data received successfully
2024-03-22 13:16:02.256874,d,Data received successfully
2024-03-22 13:16:02.490025,d,Data received successfully
2024-03-22 13:16:02.795430,d,Data received successfully
2024-03-22 13:16:03.087225,d,Data received successfully
2024-03-22 13:16:03.427509,d,Data received successfully
2024-03-22 13:16:03.733930,d,Data received successfully
2024-03-22 13:16:04.043814,d,Data received successfully
2024-03-22 13:16:04.315640,d,Data received successfully
2024-03-22 13:16:04.574586,d,Data received successfully
2024-03-22 13:16:04.845375,d,Data received successfully
2024-03-22 13:16:05.140109,d,Data received successfully
2024-03-22 13:16:05.402242,d,Data received successfully
2024-03-22 13:16:05.770972,d,Data received successfully
2024-03-22 13:16:06.071822,d,Data received successfully
2024-03-22 13:16:06.378668,d,Data received successfully
2024-03-22 13:16:06.677352,d,Data received successfully
2024-03-22 13:16:06.996252,d,Data received successfully
2024-03-22 13:16:07.374941,d,Data received successfully
2024-03-22 13:16:07.586922,d,Data received successfully
2024-03-22 13:16:07.845268,d,Data received successfully
2024-03-22 13:16:08.130356,d,Data received successfully
2024-03-22 13:16:08.538718,d,Data received successfully
2024-03-22 13:16:08.832378,d,Data received successfully
2024-03-22 13:16:09.109681,d,Data received successfully
2024-03-22 13:16:09.326640,d,Data received successfully
2024-03-22 13:16:09.553681,d,Data received successfully
2024-03-22 13:16:09.750322,d,Data received successfully
2024-03-22 13:16:09.949508,d,Data received successfully
2024-03-22 13:16:10.290316,d,Data received successfully
2024-03-22 13:16:10.587699,d,Data received successfully
2024-03-22 13:16:10.885878,d,Data received successfully
2024-03-22 13:16:11.203085,d,Data received successfully
2024-03-22 13:16:11.488484,d,Data received successfully
2024-03-22 13:16:11.815888,d,Data received successfully
2024-03-22 13:16:12.102589,d,Data received successfully
2024-03-22 13:16:12.378563,d,Data received successfully
2024-03-22 13:16:12.632806,d,Data received successfully
2024-03-22 13:16:12.950951,d,Data received successfully
2024-03-22 13:16:13.339261,d,Data received successfully
2024-03-22 13:16:13.570600,d,Data received successfully
2024-03-22 13:16:13.891692,d,Data received successfully
2024-03-22 13:16:14.152782,d,Data received successfully
2024-03-22 13:16:14.465360,d,Data received successfully
2024-03-22 13:16:14.768865,d,Data received successfully
2024-03-22 13:16:15.087692,d,Data received successfully
2024-03-22 13:16:15.434511,d,Data received successfully
2024-03-22 13:16:15.789716,d,Data received successfully
2024-03-22 13:16:16.084156,d,Data received successfully
2024-03-22 13:16:16.310416,d,Data received successfully
2024-03-22 13:16:16.516408,d,Data received successfully
2024-03-22 13:16:16.717299,d,Data received successfully
2024-03-22 13:16:16.941889,d,Data received successfully
2024-03-22 13:16:17.327425,d,Data received successfully
2024-03-22 13:16:17.527962,d,Data received successfully
2024-03-22 13:16:17.796131,d,Data received successfully
2024-03-22 13:16:18.089601,d,Data received successfully
2024-03-22 13:16:18.474627,d,Data received successfully
2024-03-22 13:16:18.793089,d,Data received successfully
2024-03-22 13:16:19.120684,d,Data received successfully
2024-03-22 13:16:20.432235,d,Data received successfully
2024-03-22 13:16:20.717078,d,Data received successfully
2024-03-22 13:16:20.962236,d,Data received successfully
2024-03-22 13:16:21.252052,d,Data received successfully
2024-03-22 13:16:21.540991,d,Data received successfully
2024-03-22 13:16:21.872232,d,Data received successfully
2024-03-22 13:16:22.141908,d,Data received successfully
2024-03-22 13:16:22.375323,d,Data received successfully
2024-03-22 13:16:22.782318,d,Data received successfully
2024-03-22 13:16:23.070146,d,Data received successfully
2024-03-22 13:16:23.347436,d,Data received successfully
2024-03-22 13:16:23.601288,w,Data received successfully
2024-03-22 13:16:23.919646,w,Data received successfully
2024-03-22 13:16:24.312152,w,Data received successfully
2024-03-22 13:16:24.598380,w,Data received successfully
2024-03-22 13:16:24.891138,w,Data received successfully
2024-03-22 13:16:25.105711,w,Data received successfully
2024-03-22 13:16:25.356239,w,Data received successfully
2024-03-22 13:16:25.645566,w,Data received successfully
2024-03-22 13:16:26.050717,w,Data received successfully
2024-03-22 13:16:26.393703,w,Data received successfully
2024-03-22 13:16:26.641242,w,Data received successfully
2024-03-22 13:16:26.891752,w,Data received successfully
2024-03-22 13:16:27.160491,w,Data received successfully
2024-03-22 13:16:27.481642,w,Data received successfully
2024-03-22 13:16:27.767937,w,Data received successfully
2024-03-22 13:16:28.096301,w,Data received successfully
2024-03-22 13:16:28.390836,w,Data received successfully
2024-03-22 13:16:28.690218,w,Data received successfully
2024-03-22 13:16:28.998445,s,Data received successfully
2024-03-22 13:16:29.222668,s,Data received successfully
2024-03-22 13:16:29.523550,s,Data received successfully
2024-03-22 13:16:29.775735,s,Data received successfully
2024-03-22 13:16:30.103699,s,Data received successfully
2024-03-22 13:16:30.422994,s,Data received successfully
2024-03-22 13:16:30.647389,s,Data received successfully
2024-03-22 13:16:30.860272,s,Data received successfully
2024-03-22 13:16:31.177127,s,Data received successfully
2024-03-22 13:16:31.493568,s,Data received successfully
2024-03-22 13:16:31.787243,s,Data received successfully
2024-03-22 13:16:32.097039,s,Data received successfully
2024-03-22 13:16:32.601447,s,Data received successfully
2024-03-22 13:16:32.898208,s,Data received successfully
2024-03-22 13:16:33.300802,s,Data received successfully
2024-03-22 13:16:33.694914,r,Data received successfully
2024-03-22 13:16:59.284029,d,Data received successfully
2024-03-22 13:16:59.539004,d,Data received successfully
2024-03-22 13:16:59.824879,d,Data received successfully
2024-03-22 13:17:00.087126,d,Data received successfully
2024-03-22 13:17:00.330966,d,Data received successfully
2024-03-22 13:17:00.539449,d,Data received successfully
2024-03-22 13:17:00.780024,d,Data received successfully
2024-03-22 13:17:01.091498,d,Data received successfully
2024-03-22 13:17:01.389722,d,Data received successfully
2024-03-22 13:17:01.710489,d,Data received successfully
2024-03-22 13:17:01.988673,d,Data received successfully
2024-03-22 13:17:02.345564,d,Data received successfully
2024-03-22 13:17:02.726740,d,Data received successfully
2024-03-22 13:17:02.995355,d,Data received successfully
2024-03-22 13:17:03.306943,d,Data received successfully
2024-03-22 13:17:03.719155,d,Data received successfully
2024-03-22 13:17:03.920376,d,Data received successfully
2024-03-22 13:17:04.282884,d,Data received successfully
2024-03-22 13:17:04.652838,d,Data received successfully
2024-03-22 13:17:04.949654,d,Data received successfully
2024-03-22 13:17:05.192934,d,Data received successfully
2024-03-22 13:17:05.554898,d,Data received successfully
2024-03-22 13:17:05.767821,d,Data received successfully
2024-03-22 13:17:06.173735,d,Data received successfully
2024-03-22 13:17:06.517240,d,Data received successfully
2024-03-22 13:17:06.827346,d,Data received successfully
2024-03-22 13:17:07.202947,d,Data received successfully
2024-03-22 13:17:07.503980,d,Data received successfully
2024-03-22 13:17:07.817846,d,Data received successfully
2024-03-22 13:17:08.120158,d,Data received successfully
2024-03-22 13:17:08.465081,d,Data received successfully
2024-03-22 13:17:08.732934,d,Data received successfully
2024-03-22 13:17:09.055388,d,Data received successfully
2024-03-22 13:17:09.364670,d,Data received successfully
2024-03-22 13:17:09.660444,d,Data received successfully
2024-03-22 13:17:09.955204,d,Data received successfully
2024-03-22 13:17:10.191710,d,Data received successfully
2024-03-22 13:17:10.487129,d,Data received successfully
2024-03-22 13:17:10.783022,d,Data received successfully
2024-03-22 13:17:11.002396,d,Data received successfully
2024-03-22 13:17:11.292864,d,Data received successfully
2024-03-22 13:17:11.549694,d,Data received successfully
2024-03-22 13:17:11.802713,d,Data received successfully
2024-03-22 13:17:12.024817,d,Data received successfully
2024-03-22 13:17:12.340541,d,Data received successfully
2024-03-22 13:17:12.624175,d,Data received successfully
2024-03-22 13:17:12.942285,d,Data received successfully
2024-03-22 13:17:13.343531,d,Data received successfully
2024-03-22 13:17:13.589623,d,Data received successfully
2024-03-22 13:17:13.884637,d,Data received successfully
2024-03-22 13:17:14.170876,d,Data received successfully
2024-03-22 13:17:14.526475,d,Data received successfully
2024-03-22 13:17:14.785266,d,Data received successfully
2024-03-22 13:17:15.102695,d,Data received successfully
2024-03-22 13:17:15.385521,d,Data received successfully
2024-03-22 13:17:15.689166,d,Data received successfully
2024-03-22 13:17:15.906335,d,Data received successfully
2024-03-22 13:17:16.197561,d,Data received successfully
2024-03-22 13:17:16.452804,d,Data received successfully
2024-03-22 13:17:16.830904,w,Data received successfully
2024-03-22 13:17:17.248449,w,Data received successfully
2024-03-22 13:17:17.533556,w,Data received successfully
2024-03-22 13:17:17.761779,w,Data received successfully
2024-03-22 13:17:18.178223,w,Data received successfully
2024-03-22 13:17:18.581058,w,Data received successfully
2024-03-22 13:17:18.870886,w,Data received successfully
2024-03-22 13:17:19.087843,w,Data received successfully
2024-03-22 13:17:19.388270,w,Data received successfully
2024-03-22 13:17:19.598772,w,Data received successfully
2024-03-22 13:17:19.914972,w,Data received successfully
2024-03-22 13:17:20.221894,w,Data received successfully
2024-03-22 13:17:20.665926,w,Data received successfully
2024-03-22 13:17:21.026968,d,Data received successfully
2024-03-22 13:17:21.328635,d,Data received successfully
2024-03-22 13:17:21.628285,w,Data received successfully
2024-03-22 13:17:21.948064,w,Data received successfully
2024-03-22 13:17:22.320713,w,Data received successfully
2024-03-22 13:17:22.695914,w,Data received successfully
2024-03-22 13:17:23.091265,w,Data received successfully
2024-03-22 13:17:23.498040,w,Data received successfully
2024-03-22 13:17:23.805773,w,Data received successfully
2024-03-22 13:17:24.118611,w,Data received successfully
2024-03-22 13:17:24.392552,w,Data received successfully
2024-03-22 13:17:24.622563,w,Data received successfully
2024-03-22 13:17:24.912780,w,Data received successfully
2024-03-22 13:17:25.175936,w,Data received successfully
2024-03-22 13:17:25.522073,w,Data received successfully
2024-03-22 13:17:25.841317,w,Data received successfully
2024-03-22 13:17:26.141150,w,Data received successfully
2024-03-22 13:17:26.484151,w,Data received successfully
2024-03-22 13:17:26.755201,w,Data received successfully
2024-03-22 13:17:27.080826,w,Data received successfully
2024-03-22 13:17:27.375607,w,Data received successfully
2024-03-22 13:17:27.597499,w,Data received successfully
2024-03-22 13:17:27.893938,w,Data received successfully
2024-03-22 13:17:28.213962,w,Data received successfully
2024-03-22 13:17:28.493361,w,Data received successfully
2024-03-22 13:17:28.732854,w,Data received successfully
2024-03-22 13:17:29.184909,w,Data received successfully
2024-03-22 13:17:29.415088,w,Data received successfully
2024-03-22 13:17:29.734060,w,Data received successfully
2024-03-22 13:17:30.167270,w,Data received successfully
2024-03-22 13:17:30.443213,w,Data received successfully
2024-03-22 13:17:30.782306,w,Data received successfully
2024-03-22 13:17:31.187156,w,Data received successfully
2024-03-22 13:17:31.585496,w,Data received successfully
2024-03-22 13:17:31.886637,w,Data received successfully
2024-03-22 13:17:32.127534,w,Data received successfully
2024-03-22 13:17:32.395960,w,Data received successfully
2024-03-22 13:17:32.720397,w,Data received successfully
2024-03-22 13:17:33.000761,w,Data received successfully
2024-03-22 13:17:33.329674,w,Data received successfully
2024-03-22 13:17:33.651290,w,Data received successfully
2024-03-22 13:17:34.040450,w,Data received successfully
2024-03-22 13:17:34.337981,w,Data received successfully
2024-03-22 13:17:34.539557,w,Data received successfully
2024-03-22 13:17:34.854850,w,Data received successfully
2024-03-22 13:17:35.203106,w,Data received successfully
2024-03-22 13:17:35.459246,w,Data received successfully
2024-03-22 13:17:35.679108,w,Data received successfully
2024-03-22 13:17:35.975793,w,Data received successfully
2024-03-22 13:17:36.207570,w,Data received successfully
2024-03-22 13:17:36.486598,w,Data received successfully
2024-03-22 13:17:36.739488,w,Data received successfully
2024-03-22 13:17:36.995816,w,Data received successfully
2024-03-22 13:17:37.281271,w,Data received successfully
2024-03-22 13:17:37.503750,w,Data received successfully
2024-03-22 13:17:37.871303,w,Data received successfully
2024-03-22 13:17:38.141749,w,Data received successfully
2024-03-22 13:17:38.473292,w,Data received successfully
2024-03-22 13:17:38.735720,w,Data received successfully
2024-03-22 13:17:39.063647,w,Data received successfully
2024-03-22 13:17:39.359410,w,Data received successfully
2024-03-22 13:17:39.565931,w,Data received successfully
2024-03-22 13:17:39.758997,w,Data received successfully
2024-03-22 13:17:40.005364,w,Data received successfully
2024-03-22 13:17:40.386264,w,Data received successfully
2024-03-22 13:17:40.683046,w,Data received successfully
2024-03-22 13:17:40.921376,w,Data received successfully
2024-03-22 13:17:41.226020,w,Data received successfully
2024-03-22 13:17:41.525079,w,Data received successfully
2024-03-22 13:17:41.850339,w,Data received successfully
2024-03-22 13:17:42.151649,w,Data received successfully
2024-03-22 13:17:42.426749,w,Data received successfully
2024-03-22 13:17:42.645887,w,Data received successfully
2024-03-22 13:17:42.945133,w,Data received successfully
2024-03-22 13:17:43.312650,w,Data received successfully
2024-03-22 13:17:43.615660,d,Data received successfully
2024-03-22 13:17:43.894028,d,Data received successfully
2024-03-22 13:17:44.169584,d,Data received successfully
2024-03-22 13:17:44.437062,d,Data received successfully
2024-03-22 13:17:44.669275,d,Data received successfully
2024-03-22 13:17:44.917203,d,Data received successfully
2024-03-22 13:17:45.315118,d,Data received successfully
2024-03-22 13:17:45.599604,d,Data received successfully
2024-03-22 13:17:45.930212,d,Data received successfully
2024-03-22 13:17:46.213199,d,Data received successfully
2024-03-22 13:17:46.540914,d,Data received successfully
2024-03-22 13:17:46.969420,d,Data received successfully
2024-03-22 13:17:47.253409,d,Data received successfully
2024-03-22 13:17:47.543143,w,Data received successfully
2024-03-22 13:17:47.791067,w,Data received successfully
2024-03-22 13:17:48.060191,w,Data received successfully
2024-03-22 13:17:48.377873,w,Data received successfully
2024-03-22 13:17:48.675336,w,Data received successfully
2024-03-22 13:17:48.920137,w,Data received successfully
2024-03-22 13:17:49.208204,w,Data received successfully
2024-03-22 13:17:49.608240,w,Data received successfully
2024-03-22 13:17:49.900933,w,Data received successfully
2024-03-22 13:17:50.132573,w,Data received successfully
2024-03-22 13:17:50.485418,w,Data received successfully
2024-03-22 13:17:50.711168,w,Data received successfully
2024-03-22 13:17:51.031954,w,Data received successfully
2024-03-22 13:17:51.340181,w,Data received successfully
2024-03-22 13:17:51.663533,w,Data received successfully
2024-03-22 13:17:51.991393,w,Data received successfully
2024-03-22 13:17:52.301587,w,Data received successfully
2024-03-22 13:17:52.600406,w,Data received successfully
2024-03-22 13:17:52.941995,w,Data received successfully
2024-03-22 13:17:53.206173,w,Data received successfully
2024-03-22 13:17:53.544662,w,Data received successfully
2024-03-22 13:17:53.857474,w,Data received successfully
2024-03-22 13:17:54.117710,w,Data received successfully
2024-03-22 13:17:54.463708,w,Data received successfully
2024-03-22 13:17:54.716254,w,Data received successfully
2024-03-22 13:17:55.035913,w,Data received successfully
2024-03-22 13:17:55.331455,w,Data received successfully
2024-03-22 13:17:55.541002,w,Data received successfully
2024-03-22 13:17:55.836647,w,Data received successfully
2024-03-22 13:17:56.172218,w,Data received successfully
2024-03-22 13:17:56.558570,w,Data received successfully
2024-03-22 13:17:56.778339,w,Data received successfully
2024-03-22 13:17:57.106181,w,Data received successfully
2024-03-22 13:17:57.386141,w,Data received successfully
2024-03-22 13:17:57.682842,w,Data received successfully
2024-03-22 13:17:57.912171,w,Data received successfully
2024-03-22 13:17:59.123178,r,Data received successfully
2024-03-22 13:18:23.256290,d,Data received successfully
2024-03-22 13:18:23.509766,d,Data received successfully
2024-03-22 13:18:23.907839,d,Data received successfully
2024-03-22 13:18:24.319902,d,Data received successfully
2024-03-22 13:18:24.612407,d,Data received successfully
2024-03-22 13:18:24.927405,d,Data received successfully
2024-03-22 13:18:25.298345,d,Data received successfully
2024-03-22 13:18:25.537581,d,Data received successfully
2024-03-22 13:18:25.856054,d,Data received successfully
2024-03-22 13:18:26.161521,d,Data received successfully
2024-03-22 13:18:26.456395,d,Data received successfully
2024-03-22 13:18:26.760214,d,Data received successfully
2024-03-22 13:18:26.986825,d,Data received successfully
2024-03-22 13:18:27.355260,d,Data received successfully
2024-03-22 13:18:27.574092,d,Data received successfully
2024-03-22 13:18:27.787415,d,Data received successfully
2024-03-22 13:18:28.006945,d,Data received successfully
2024-03-22 13:18:28.308100,d,Data received successfully
2024-03-22 13:18:28.529335,d,Data received successfully
2024-03-22 13:18:28.815061,d,Data received successfully
2024-03-22 13:18:29.127156,d,Data received successfully
2024-03-22 13:18:29.445960,d,Data received successfully
2024-03-22 13:18:29.820052,d,Data received successfully
2024-03-22 13:18:30.052256,d,Data received successfully
2024-03-22 13:18:30.348271,d,Data received successfully
2024-03-22 13:18:30.708657,d,Data received successfully
2024-03-22 13:18:31.116141,d,Data received successfully
2024-03-22 13:18:31.420274,d,Data received successfully
2024-03-22 13:18:31.753916,d,Data received successfully
2024-03-22 13:18:32.055390,d,Data received successfully
2024-03-22 13:18:32.337686,d,Data received successfully
2024-03-22 13:18:32.709597,d,Data received successfully
2024-03-22 13:18:33.010886,d,Data received successfully
2024-03-22 13:18:33.320221,d,Data received successfully
2024-03-22 13:18:33.657281,d,Data received successfully
2024-03-22 13:18:33.960505,d,Data received successfully
2024-03-22 13:18:34.252722,d,Data received successfully
2024-03-22 13:18:34.558443,d,Data received successfully
2024-03-22 13:18:34.855903,d,Data received successfully
2024-03-22 13:18:35.083780,d,Data received successfully
2024-03-22 13:18:35.385711,d,Data received successfully
2024-03-22 13:18:35.673095,d,Data received successfully
2024-03-22 13:18:35.923824,d,Data received successfully
2024-03-22 13:18:36.196071,d,Data received successfully
2024-03-22 13:18:36.537767,d,Data received successfully
2024-03-22 13:18:36.839264,d,Data received successfully
2024-03-22 13:18:37.206639,d,Data received successfully
2024-03-22 13:18:37.514659,d,Data received successfully
2024-03-22 13:18:37.882595,d,Data received successfully
2024-03-22 13:18:38.147508,d,Data received successfully
2024-03-22 13:18:38.450580,d,Data received successfully
2024-03-22 13:18:38.753231,d,Data received successfully
2024-03-22 13:18:39.010987,d,Data received successfully
2024-03-22 13:18:39.282136,d,Data received successfully
2024-03-22 13:18:39.570582,d,Data received successfully
2024-03-22 13:18:39.832347,d,Data received successfully
2024-03-22 13:18:40.082766,d,Data received successfully
2024-03-22 13:18:40.351022,d,Data received successfully
2024-03-22 13:18:40.606176,d,Data received successfully
2024-03-22 13:18:40.897084,d,Data received successfully
2024-03-22 13:18:41.119793,d,Data received successfully
2024-03-22 13:18:41.410281,d,Data received successfully
2024-03-22 13:18:41.787753,d,Data received successfully
2024-03-22 13:18:42.032043,d,Data received successfully
2024-03-22 13:18:42.327302,d,Data received successfully
2024-03-22 13:18:42.633176,d,Data received successfully
2024-03-22 13:18:42.958141,d,Data received successfully
2024-03-22 13:18:43.250458,d,Data received successfully
2024-03-22 13:18:43.507211,d,Data received successfully
2024-03-22 13:18:43.798195,d,Data received successfully
2024-03-22 13:18:44.113506,d,Data received successfully
2024-03-22 13:18:44.478211,d,Data received successfully
2024-03-22 13:18:44.691311,d,Data received successfully
2024-03-22 13:18:44.929259,d,Data received successfully
2024-03-22 13:18:45.240574,d,Data received successfully
2024-03-22 13:18:45.560707,d,Data received successfully
2024-03-22 13:18:45.915406,d,Data received successfully
2024-03-22 13:18:46.235117,d,Data received successfully
2024-03-22 13:18:46.532635,d,Data received successfully
2024-03-22 13:18:46.850441,d,Data received successfully
2024-03-22 13:18:47.227406,d,Data received successfully
2024-03-22 13:18:47.439148,d,Data received successfully
2024-03-22 13:18:47.757603,d,Data received successfully
2024-03-22 13:18:48.001700,d,Data received successfully
2024-03-22 13:18:48.352248,d,Data received successfully
2024-03-22 13:18:48.568686,d,Data received successfully
2024-03-22 13:18:48.807492,d,Data received successfully
2024-03-22 13:18:49.096772,d,Data received successfully
2024-03-22 13:18:49.379152,d,Data received successfully
2024-03-22 13:18:49.613151,d,Data received successfully
2024-03-22 13:18:49.926498,d,Data received successfully
2024-03-22 13:18:50.306130,w,Data received successfully
2024-03-22 13:18:50.527242,w,Data received successfully
2024-03-22 13:18:50.766986,w,Data received successfully
2024-03-22 13:18:51.046217,w,Data received successfully
2024-03-22 13:18:51.360863,w,Data received successfully
2024-03-22 13:18:51.770967,w,Data received successfully
2024-03-22 13:18:52.076844,w,Data received successfully
2024-03-22 13:18:52.364809,w,Data received successfully
2024-03-22 13:18:52.691093,w,Data received successfully
2024-03-22 13:18:53.078830,w,Data received successfully
2024-03-22 13:18:53.394552,w,Data received successfully
2024-03-22 13:18:53.775090,w,Data received successfully
2024-03-22 13:18:54.112741,w,Data received successfully
2024-03-22 13:18:54.357601,w,Data received successfully
2024-03-22 13:18:54.621172,w,Data received successfully
2024-03-22 13:18:54.924477,w,Data received successfully
2024-03-22 13:18:55.333202,w,Data received successfully
2024-03-22 13:18:55.543335,w,Data received successfully
2024-03-22 13:18:55.739490,w,Data received successfully
2024-03-22 13:18:55.953453,w,Data received successfully
2024-03-22 13:18:56.230137,w,Data received successfully
2024-03-22 13:18:56.583697,w,Data received successfully
2024-03-22 13:18:56.886426,w,Data received successfully
2024-03-22 13:18:57.187851,w,Data received successfully
2024-03-22 13:18:57.474671,w,Data received successfully
2024-03-22 13:18:57.708003,w,Data received successfully
2024-03-22 13:18:58.012909,w,Data received successfully
2024-03-22 13:18:58.299288,w,Data received successfully
2024-03-22 13:18:58.504914,w,Data received successfully
2024-03-22 13:18:58.823721,w,Data received successfully
2024-03-22 13:18:59.133092,w,Data received successfully
2024-03-22 13:18:59.443640,w,Data received successfully
2024-03-22 13:18:59.732268,w,Data received successfully
2024-03-22 13:19:00.067356,w,Data received successfully
2024-03-22 13:19:00.373000,w,Data received successfully
2024-03-22 13:19:00.718902,w,Data received successfully
2024-03-22 13:19:01.017669,w,Data received successfully
2024-03-22 13:19:01.321775,w,Data received successfully
2024-03-22 13:19:01.576460,w,Data received successfully
2024-03-22 13:19:01.832727,w,Data received successfully
2024-03-22 13:19:02.098163,w,Data received successfully
2024-03-22 13:19:02.390514,w,Data received successfully
2024-03-22 13:19:02.706104,w,Data received successfully
2024-03-22 13:19:03.027356,w,Data received successfully
2024-03-22 13:19:03.347376,w,Data received successfully
2024-03-22 13:19:03.675150,w,Data received successfully
2024-03-22 13:19:03.979047,w,Data received successfully
2024-03-22 13:19:04.251199,w,Data received successfully
2024-03-22 13:19:04.494839,w,Data received successfully
2024-03-22 13:19:04.757414,w,Data received successfully
2024-03-22 13:19:05.011397,w,Data received successfully
2024-03-22 13:19:05.376808,w,Data received successfully
2024-03-22 13:19:05.568093,w,Data received successfully
2024-03-22 13:19:05.806089,w,Data received successfully
2024-03-22 13:19:06.100643,w,Data received successfully
2024-03-22 13:19:06.449359,w,Data received successfully
2024-03-22 13:19:06.702772,w,Data received successfully
2024-03-22 13:19:06.943715,w,Data received successfully
2024-03-22 13:19:07.221534,w,Data received successfully
2024-03-22 13:19:07.520090,w,Data received successfully
2024-03-22 13:19:07.839403,w,Data received successfully
2024-03-22 13:19:08.167721,w,Data received successfully
2024-03-22 13:19:08.439144,w,Data received successfully
2024-03-22 13:19:08.672605,w,Data received successfully
2024-03-22 13:19:08.954933,w,Data received successfully
2024-03-22 13:19:09.342880,w,Data received successfully
2024-03-22 13:19:09.583479,w,Data received successfully
2024-03-22 13:19:09.904097,w,Data received successfully
2024-03-22 13:19:10.179967,w,Data received successfully
2024-03-22 13:19:10.407690,w,Data received successfully
2024-03-22 13:19:10.722974,w,Data received successfully
2024-03-22 13:19:11.073858,w,Data received successfully
2024-03-22 13:19:11.440768,w,Data received successfully
2024-03-22 13:19:11.729709,w,Data received successfully
2024-03-22 13:19:12.112802,w,Data received successfully
2024-03-22 13:19:12.359410,w,Data received successfully
2024-03-22 13:19:12.638604,w,Data received successfully
2024-03-22 13:19:13.054055,w,Data received successfully
2024-03-22 13:19:13.274941,w,Data received successfully
2024-03-22 13:19:13.591702,w,Data received successfully
2024-03-22 13:19:14.009242,w,Data received successfully
2024-03-22 13:19:14.303923,w,Data received successfully
2024-03-22 13:19:14.689976,w,Data received successfully
2024-03-22 13:19:14.956361,w,Data received successfully
2024-03-22 13:19:15.353382,w,Data received successfully
2024-03-22 13:19:15.762110,w,Data received successfully
2024-03-22 13:19:16.245080,w,Data received successfully
2024-03-22 13:19:16.575677,w,Data received successfully
2024-03-22 13:19:17.048552,r,Data received successfully
